post_uuid;url;username;user_karma;user_cakeday;post_karma;comment_karma;post_date;comments_number;votes_number;post_category
ba7796c888d011eb877701c07849de8f;/r/gaming/comments/lvcakc/boy_gamer/;velabas;917651;19-09-11;855007;38398;01-03-21;6700;208000;gaming
bff6a55888d011eb877701c07849de8f;/r/nextfuckinglevel/comments/ls63yn/he_took_off_his_clothes_to_prove_a_valuable_point/;_buzzedlightyear;37320;29-01-21;23507;257;25-02-21;2000;195000;nextfuckinglevel
c429939288d011eb877701c07849de8f;/r/memes/comments/lm7wbx/wait_i_didnt_mean_it_like_that/;beakf;425352;30-09-19;329640;12707;18-03-21;1500;194000;memes
cd3022e488d011eb877701c07849de8f;/r/nextfuckinglevel/comments/lu42yh/gotta_love_the_rock_fathers_will_do_anything_to/;NRGpop;2417408;21-03-20;1841537;122716;28-02-21;2100;185000;nextfuckinglevel
d1fb715c88d011eb877701c07849de8f;/r/nextfuckinglevel/comments/lod395/man_works_from_home_on_the_perseverance_project/;ml-soham;346683;12-04-20;247113;28193;21-02-21;2400;184000;nextfuckinglevel
d99f74d088d011eb877701c07849de8f;/r/memes/comments/lo4jc2/do_dee_do_dee_doo_whoops/;ChiggyBiggyG;271944;09-11-20;180985;27264;20-02-21;527;173000;memes
e50403ea88d011eb877701c07849de8f;/r/pics/comments/lmsr6w/two_dominos_workers_after_their_shift_in_san/;THE_SAUCE_OF_LEGENDS;44947;25-05-13;16204;8297;19-02-21;12300;172000;pics
e8f6d24888d011eb877701c07849de8f;/r/MurderedByWords/comments/lnf3zg/gas_pump_doesnt_go_brrrrr/;beerbellybegone;2428098;08-03-16;2003018;218789;19-02-21;4200;165000;MurderedByWords
eea2b57c88d011eb877701c07849de8f;/r/Unexpected/comments/lt8gjm/not_the_whole_cake/;memezzer;14765359;30-06-19;13841872;100907;27-02-21;2200;164000;Unexpected
f37b6ddc88d011eb877701c07849de8f;/r/memes/comments/lwwbwn/i_thought_only_i_could_do_that/;slashth456;131780;14-01-19;53385;62588;03-03-21;1100;163000;memes
fe56407e88d011eb877701c07849de8f;/r/wallstreetbets/comments/m0q5bm/gme_yolo_update_mar_8_2021/;DeepFuckingValue;2715724;30-08-19;168204;1039;09-03-21;8200;161000;wallstreetbets
04e6367488d111eb877701c07849de8f;/r/Unexpected/comments/m1eqw0/no_drone_zone/;karenxcheng;95713;18-04-12;63794;15471;10-03-21;2000;160000;Unexpected
0a1b139488d111eb877701c07849de8f;/r/memes/comments/m5mrth/universal_guide_to_mens_nodding_made_in_paint/;jp9544;148170;10-09-20;116903;2321;15-03-21;2100;160000;memes
1065ca5088d111eb877701c07849de8f;/r/memes/comments/lxjyie/wanna_try_again/;Razoryx;93141;24-12-17;57925;3641;04-03-21;1500;159000;memes
148533b488d111eb877701c07849de8f;/r/gaming/comments/lpxdvk/just_nintendo_things/;Gabriel711;230808;31-05-17;209237;12583;23-02-21;3200;158000;gaming
19f42ab288d111eb877701c07849de8f;/r/wallstreetbets/comments/m4i2ib/a_message_to_wsb_from_the_director_of_the_dian/;kampingcarl;114976;26-10-13;9580;28268;14-03-21;5800;160000;wallstreetbets
1e9e010a88d111eb877701c07849de8f;/r/memes/comments/lyb6n4/thanks_for_the_streams_nasa/;Hartgert;27309;27-03-20;14786;2366;05-03-21;1500;158000;memes
238aead488d111eb877701c07849de8f;/r/MurderedByWords/comments/lprghs/waddaya_say_then/;beerbellybegone;2428122;08-03-16;2003029;218789;22-02-21;3300;156000;MurderedByWords
2c1af04088d111eb877701c07849de8f;/r/memes/comments/lm5dpk/we_have_all_been_there/;Reddit_Knight_;210424;14-12-20;175123;1945;18-02-21;1100;154000;memes
30d05f1288d111eb877701c07849de8f;/r/memes/comments/m1w02p/same_energy/;swat_08;259334;20-09-20;218415;6223;10-03-21;976;153000;memes
3acc597688d111eb877701c07849de8f;/r/nextfuckinglevel/comments/luh2eh/dan_black_a_man_who_sacrificed_his_chance_to_walk/;AwesomeGuy_59;230322;18-03-17;187623;3519;28-02-21;1700;150000;nextfuckinglevel
4037959c88d111eb877701c07849de8f;/r/pics/comments/lw0nz4/a_rare_african_black_leopard_under_the_stars_a/;willbl;66019;14-01-07;26393;14991;02-03-21;1700;150000;pics
4a1b3b9088d111eb877701c07849de8f;/r/pics/comments/logy8o/united_airlines_boeing_777_heading_to_hawaii/;jcepiano;2523035;30-11-14;2218955;141283;21-02-21;4600;149000;pics
509fc01288d111eb877701c07849de8f;/r/memes/comments/llx429/skip_skip_skip/;Qvistenn;893530;28-11-19;693537;31233;18-03-21;1400;148000;memes
5c89365688d111eb877701c07849de8f;/r/nextfuckinglevel/comments/lv7jn7/making_it_in_a_single_trip_final_boss/;WhenMachinesCry;1874292;25-07-14;1737748;43621;01-03-21;1600;145000;nextfuckinglevel
6278567888d111eb877701c07849de8f;/r/memes/comments/lv8fov/nobody_gives_a_fuck/;ChiggyBiggyG;271953;09-11-20;180994;27264;01-03-21;1600;145000;memes
68e4695288d111eb877701c07849de8f;/r/nextfuckinglevel/comments/lr40hy/blind_kid_experience_his_first_curb_by_himself/;FIRESTAR_37;171928;15-10-19;121382;10917;24-02-21;1900;145000;nextfuckinglevel
700c6d8888d111eb877701c07849de8f;/r/memes/comments/m0hrc4/not_so_good_at_math_now_are_ya/;mijuzz7;4773495;03-05-19;4297910;83583;08-03-21;1000;145000;memes
7733bbde88d111eb877701c07849de8f;/r/memes/comments/ltjdhl/never_gonna_happen/;coolkarmact;212510;06-03-19;187547;10052;27-02-21;2600;144000;memes
7d9e5c0e88d111eb877701c07849de8f;/r/memes/comments/lz63b6/next_level_bottle_flip/;__Dawn__Amber__;3812633;20-02-20;3181891;113149;07-03-21;1100;144000;memes
8375a79088d111eb877701c07849de8f;/r/wallstreetbets/comments/lmagzp/today_interactive_brokers_ceo_admits_that_without/;indonesian_activist;148933;22-02-18;98138;5601;18-02-21;8100;144000;wallstreetbets
88665ce088d111eb877701c07849de8f;/r/aww/comments/ly995f/the_magical_moment_he_realizes_the_hand_belongs/;9999monkeys;2780620;08-02-15;2457051;163057;05-03-21;1100;143000;aww
8e132dee88d111eb877701c07849de8f;/r/gaming/comments/m102oh/if_you_went_back_in_time_and_showed_this_to/;old_gold_mountain;1080286;14-08-13;216510;851313;09-03-21;4000;142000;gaming
944a46f288d111eb877701c07849de8f;/r/memes/comments/m4qzhr/hell_nah/;YatzyErEnSport;19900;16-05-20;8511;539;14-03-21;986;143000;memes
9b3dd07888d111eb877701c07849de8f;/r/wallstreetbets/comments/lt7v4w/gme_yolo_monthend_update_feb_2021/;DeepFuckingValue;2715724;30-08-19;168204;1039;27-02-21;7900;142000;wallstreetbets
a05649aa88d111eb877701c07849de8f;/r/MadeMeSmile/comments/m0ue56/i_dont_have_anyone_to_celebrate_with_but_im_7/;FingerMyJapsEye;52005;21-01-21;10026;5997;09-03-21;3400;141000;MadeMeSmile
a78559a088d111eb877701c07849de8f;/r/memes/comments/lxefj6/seriously_no_mercy_at_all/;cyanide-tastes-lit;131607;12-02-21;94186;7864;04-03-21;506;141000;memes
b11bfe4288d111eb877701c07849de8f;/r/facepalm/comments/m4xual/the_state_of_the_world/;esberat;3384566;13-05-15;3149372;9828;14-03-21;3200;141000;facepalm
b9b10b5688d111eb877701c07849de8f;/r/memes/comments/m0ybxt/to_all_my_past_teachers_im_sorry/;where_did_my_mom_go;38219;16-03-20;24332;3409;09-03-21;1100;140000;memes
c5c2bb2e88d111eb877701c07849de8f;/r/interestingasfuck/comments/lmxef7/mission_confirmed_we_are_safe_on_mars_here_is_the/;athenathechesscub;30098;26-11-20;12715;5765;19-02-21;3000;139000;interestingasfuck
ca917a1e88d111eb877701c07849de8f;/r/memes/comments/lorp2l/dont_even_get_me_started_with_people_from_the/;MaeenTell;71955;22-10-19;57916;1175;21-02-21;2700;138000;memes
cffb6f8288d111eb877701c07849de8f;/r/wallstreetbets/comments/lsgqig/i_dont_need_fox_business_to_hold_me_accountable/;travislifestyle;32814;02-08-18;12619;5663;26-02-21;2500;138000;wallstreetbets
d4e131b288d111eb877701c07849de8f;/r/memes/comments/m2prih/the_earth_is_flat_guys/;Mr_Lion_69;80371;10-07-20;59818;1675;11-03-21;1100;138000;memes
d99e55e088d111eb877701c07849de8f;/r/interestingasfuck/comments/m5h3fg/she_was_11_when_wwi_started_36_when_wwii_started/;prolelol;225980;03-02-17;179626;34319;15-03-21;2700;138000;interestingasfuck
e089279088d111eb877701c07849de8f;/r/news/comments/lp73rh/family_of_11yearold_boy_who_died_in_texas_deep/;3dprinteddildo;249510;12-11-20;223031;6861;22-02-21;9100;137000;news
e52eb29c88d111eb877701c07849de8f;/r/memes/comments/m5uqqy/pizza_time_stops/;Static_456;309703;04-02-20;227062;35656;16-03-21;882;140000;memes
ea04d1fc88d111eb877701c07849de8f;/r/news/comments/m0o85f/judge_permanently_dismisses_charges_against/;Semper-Fido;230634;07-01-13;55347;167732;09-03-21;5900;136000;news
f7ab105088d111eb877701c07849de8f;/r/memes/comments/lmkodi/imagine_if_this_covid_outbreak_happened_10_years/;elch3w;1964049;03-12-19;1445014;188275;18-02-21;1200;135000;memes
fc2d180888d111eb877701c07849de8f;/r/MurderedByWords/comments/lxu06i/10_to_clean_the_bathroom/;beerbellybegone;2428167;08-03-16;2003054;218789;05-03-21;6900;135000;MurderedByWords
008e6dac88d211eb877701c07849de8f;/r/MurderedByWords/comments/llcm62/a_short_history_lesson/;beerbellybegone;2428169;08-03-16;2003056;218789;18-03-21;3300;134000;MurderedByWords
05cb76de88d211eb877701c07849de8f;/r/memes/comments/lpmk2m/minimalism_has_to_burn/;NeonSprig;139671;01-12-19;92843;32367;22-02-21;908;134000;memes
0bab149c88d211eb877701c07849de8f;/r/nextfuckinglevel/comments/m2h71w/hes_come_such_a_long_way_much_love_for_steveo/;DeadLiftForSpaghetti;16425;25-12-20;8832;516;11-03-21;2600;134000;nextfuckinglevel
182dec7688d211eb877701c07849de8f;/r/memes/comments/lzc4g0/so_deep/;Fabs74;36458;09-06-20;8204;16847;07-03-21;816;133000;memes
1e3235dc88d211eb877701c07849de8f;/r/memes/comments/lzf41n/very_rare/;HollowSquid347;28482;03-01-21;10970;2929;07-03-21;790;132000;memes
2427e6a888d211eb877701c07849de8f;/r/pics/comments/llamqi/a_father_looking_for_his_two_sons_that_went/;Xhenc;34251;28-06-17;13803;10671;18-03-21;2900;132000;pics
32268e4e88d211eb877701c07849de8f;/r/nextfuckinglevel/comments/ltkeks/this_father_couldnt_afford_a_full_cake_for_his/;Substantial-Boss2431;53862;27-12-20;16644;6053;27-02-21;3400;132000;nextfuckinglevel
3d2b126088d211eb877701c07849de8f;/r/nextfuckinglevel/comments/lluxtv/she_had_to_make_4_shots_to_win_a_car/;AristonD;6706190;17-11-18;6474685;40720;18-03-21;2300;131000;nextfuckinglevel
42c7cd8088d211eb877701c07849de8f;/r/funny/comments/lqibc1/if_watching_the_discovery_channel_has_taught_me/;Sappydayz;157894;19-08-20;143702;5170;23-02-21;1500;130000;funny
49255ada88d211eb877701c07849de8f;/r/nextfuckinglevel/comments/lw416x/cashier_thinking_fast_during_earthquake/;Notartboo;642393;20-11-20;504954;28055;02-03-21;2200;130000;nextfuckinglevel
4f01aa0888d211eb877701c07849de8f;/r/pics/comments/lz88km/couldnt_go_out_to_celebrate_my_birthday_during/;MissJinxed;158678;11-02-12;69675;78533;07-03-21;3000;130000;pics
5558988a88d211eb877701c07849de8f;/r/memes/comments/lov5gy/its_awkward_when_this_happens/;elch3w;1964053;03-12-19;1445014;188279;21-02-21;714;129000;memes
5cfd922088d211eb877701c07849de8f;/r/memes/comments/lt79cr/420_go_brrr/;ThaanksIHateIt;295644;24-04-19;212107;27448;27-02-21;616;129000;memes
633bb20c88d211eb877701c07849de8f;/r/pics/comments/m4yzcu/sign_in_front_of_seaside_oregon_brewery/;DaFunkJunkie;9405736;09-08-19;9009890;76737;15-03-21;4600;130000;pics
690d0c7688d211eb877701c07849de8f;/r/memes/comments/m4v17l/a_calculated_business_risk/;Greedy-Assist3616;49513;14-09-20;35583;5252;14-03-21;505;130000;memes
6e051fca88d211eb877701c07849de8f;/r/memes/comments/m00eaz/all_of_the_starter_money_wasted/;Prophet-Bon;22271;23-08-20;13218;268;08-03-21;500;129000;memes
731afbec88d211eb877701c07849de8f;/r/MadeMeSmile/comments/lvemcm/lost_200_pounds_in_a_year_just_did_the_204_fast/;FoxyRadical2;53186;19-11-20;22418;13401;02-03-21;2900;128000;MadeMeSmile
7d37b57088d211eb877701c07849de8f;/r/memes/comments/lwdbla/what_to_do_now/;Lucky_Breakfast7687;180709;11-09-20;132268;1640;03-03-21;607;128000;memes
828ae37688d211eb877701c07849de8f;/r/aww/comments/lo9s58/when_no_one_is_around_to_boop_his_snoothe_boops/;CAP_X;881134;30-07-20;732897;13948;20-02-21;684;128000;aww
87a4388088d211eb877701c07849de8f;/r/mildlyinteresting/comments/m2x83h/my_bank_sent_me_64_copies_of_the_same_debit_card/;PTRFRLL;21874;03-08-13;9212;8253;12-03-21;4400;128000;mildlyinteresting
8cacb09688d211eb877701c07849de8f;/r/memes/comments/lzqz8y/time_for_more_oil/;XDEC0DE;1023232;09-01-20;822620;130037;07-03-21;914;127000;memes
91041fb288d211eb877701c07849de8f;/r/memes/comments/m0p8k6/insults_on_reddit_dont_work_in_real_life/;Arm3dCrusad3r;24599;14-03-20;16619;695;09-03-21;934;127000;memes
95884ae088d211eb877701c07849de8f;/r/nextfuckinglevel/comments/m0snc4/this_commercial_for_guide_dogs/;MTPokitz;3296963;01-06-20;2892234;55421;09-03-21;1700;127000;nextfuckinglevel
9bdcfcd888d211eb877701c07849de8f;/r/memes/comments/lq5z37/who_created_minimalism_now_we_cant_get_enough_of/;VishVasantth;39381;27-07-20;29581;1017;23-02-21;1500;126000;memes
a0da442088d211eb877701c07849de8f;/r/memes/comments/ltt6qh/life_goes_zzz/;Alexander0232;730437;03-07-17;625270;75748;28-02-21;488;126000;memes
a78e9a6488d211eb877701c07849de8f;/r/pics/comments/m46srq/trying_to_rock_my_2000s_gear_at_age_39/;MarkIrishdude;47033;07-11-20;30361;10341;13-03-21;5500;126000;pics
acf7c52088d211eb877701c07849de8f;/r/wallstreetbets/comments/lngem6/do_you_think_he_realized_it_yes_or_no/;jacored;61550;27-12-17;35475;2041;19-02-21;3500;125000;wallstreetbets
b1bcabfc88d211eb877701c07849de8f;/r/funny/comments/lz9nwx/this_is_the_most_perfect_photo_i_took_in_7_years/;ode26;32914;30-07-19;22331;1720;07-03-21;1000;125000;funny
b761addc88d211eb877701c07849de8f;/r/memes/comments/m39xtf/every_wednesday_night/;pigzRgr8;151783;21-08-17;112627;29041;12-03-21;567;125000;memes
bccf721888d211eb877701c07849de8f;/r/memes/comments/lqiias/low_iq_music_meme/;LostSoulInCurlyFries;43807;12-12-20;33081;2291;23-02-21;2100;124000;memes
c09e31d688d211eb877701c07849de8f;/r/nextfuckinglevel/comments/lm3417/live_power_line_fell_it_was_so_hot_that_it_melted/;ap83;38005;22-07-11;30945;3386;18-02-21;2000;124000;nextfuckinglevel
c5e17e8288d211eb877701c07849de8f;/r/memes/comments/lyp27y/there_goes_my_weekend/;diddydownunder;34734;02-12-20;22750;1276;06-03-21;908;124000;memes
d3d149b488d211eb877701c07849de8f;/r/aww/comments/lwy8vz/sure_hes_cute_but_can_he_do_this/;aussiesdoingthings;173431;06-08-18;138251;2210;03-03-21;687;123000;aww
d8e92fd488d211eb877701c07849de8f;/r/interestingasfuck/comments/lrcpp1/knights_armour_is_actually_much_more_flexible/;rgatoNacho;220047;30-08-20;197815;3520;24-02-21;2300;123000;interestingasfuck
ddf34ac888d211eb877701c07849de8f;/r/wallstreetbets/comments/lmrf1h/ladies_and_gentlemen_the_roaring_kitty/;enterthegem_;62491;22-06-20;17446;16068;19-02-21;4600;122000;wallstreetbets
e44660c288d211eb877701c07849de8f;/r/memes/comments/lrql9r/wasnt_really_a_shocker_if_you_think_about_it/;SidLeSquid;29939;25-06-17;19441;4653;25-02-21;1200;122000;memes
e963bc7688d211eb877701c07849de8f;/r/Damnthatsinteresting/comments/lyb7b8/meme_people_then_and_now/;hyp_0504;50942;22-12-20;41683;283;05-03-21;3100;122000;Damnthatsinteresting
f226dfc888d211eb877701c07849de8f;/r/memes/comments/loi278/i_hope_this_hasnt_been_done_before/;SpAgHeTtI_sAuC;22280;23-10-20;15126;407;21-02-21;489;122000;memes
f76c932488d211eb877701c07849de8f;/r/Wellthatsucks/comments/lohmfm/united_airlines_boeing_777200_engine_2_caught/;americanthaiguy;1347137;29-05-20;1190427;25252;21-02-21;5300;122000;Wellthatsucks
015806de88d311eb877701c07849de8f;/r/nextfuckinglevel/comments/m1mtgp/someone_else_posted_my_before_and_after_a_few/;ambernicole456;37600;09-05-20;9573;3751;10-03-21;1200;121000;nextfuckinglevel
0749a85e88d311eb877701c07849de8f;/r/wallstreetbets/comments/lmyan9/dfvs_smile_hes_watching_all_us_apes_support_him/;BAKAYAROUUUUU;32760;26-11-20;10754;2855;19-02-21;2900;121000;wallstreetbets
0bc2c88488d311eb877701c07849de8f;/r/JusticeServed/comments/m1gn5a/california_woman_who_coughed_on_an_uber_driver/;Hipple;93955;26-06-07;40154;48873;10-03-21;4100;121000;JusticeServed
1020f68a88d311eb877701c07849de8f;/r/wallstreetbets/comments/m5pm5c/265000_raised_so_far_for_dian_fossey_gorilla_fund/;LilHMoney;35039;20-12-20;8875;3;16-03-21;2800;122000;wallstreetbets
15291db088d311eb877701c07849de8f;/r/memes/comments/lo8rzy/were_just_vibing_up_here/;mijuzz7;4773522;03-05-19;4297937;83583;20-02-21;760;120000;memes
19891bb288d311eb877701c07849de8f;/r/memes/comments/llq2ub/the_butterfly_effect/;neatguy500;33331;17-12-18;22463;4517;18-03-21;671;120000;memes
1f1955f688d311eb877701c07849de8f;/r/memes/comments/m5z6ae/had_this_today_and_everyone_in_the_class_was/;Produde3;47360;30-08-19;28465;2019;16-03-21;1500;127000;memes
24a30d8c88d311eb877701c07849de8f;/r/interestingasfuck/comments/m1arv6/its_been_100_years_since_the_kid_was_released_out/;prolelol;225984;03-02-17;179630;34319;10-03-21;1200;120000;interestingasfuck
2917cc0e88d311eb877701c07849de8f;/r/MadeMeSmile/comments/ltuhep/a_very_talented_graphic_designer_meets_a_couple/;ajfoucault;892514;08-05-08;826107;5227;28-02-21;623;119000;MadeMeSmile
2e0a1f5a88d311eb877701c07849de8f;/r/interestingasfuck/comments/lzaxft/an_alligator_snapping_turtle_hibernating_under_a/;Boeruhhh;62799;20-03-19;47023;6935;07-03-21;1900;119000;interestingasfuck
3304287a88d311eb877701c07849de8f;/r/memes/comments/lwylc6/are_you_having_fun_yet/;GhostWalker134;71870;26-12-18;24125;41959;04-03-21;1500;119000;memes
ca917a1e88d111eb877701c07849de3f;/r/memes/comments/lorp2l/dont_even_get_me_started_with_people_from_the/;MaeenTell;71955;22-10-19;57916;1175;21-02-21;2700;138000;memes
ca917a1e88d111eb877701c07859de3f;/r/memes/comments/lorp2l/dont_even_get_me_started_with_people_from_the/;MaeenTell;71955;22-10-19;57;1175;24-02-21;2700;138000;memes
ca917a1e88d111eb877701c07859de3e;/r/memes/comments/lorp2l/dont_even_get_me_started_with_people_from_the/;MaeenTell;71955;23-10-19;57;1175;26-02-21;27000;138000;memes
